En alakalı sayfalar,Tıklamalar,Gösterimler,TO,Pozisyon
https://seotrio.com/,180,717,25.1%,3.24
https://seotrio.com/site-degeri-hesaplama/,94,1199,7.84%,9.08
https://halasyasam.seotrio.com/incek-saglikli-yasam-merkezi/,9,550,1.64%,9.12
https://seotrio.com/ekibimiz/,5,297,1.68%,2.55
https://bahadirbektas.seotrio.com/,4,44,9.09%,5.18
https://seotrio.com/navboost-nedir/,4,16,25%,6.44
https://seotrio.com/bekleme-suresi/,3,426,0.7%,8.53
https://seotrio.com/schema-org/,3,348,0.86%,25.35
https://seotrio.com/footer-link-nedir/,3,186,1.61%,12.03
https://seotrio.com/seo-egitimi/,3,169,1.78%,3.69
https://halasyasam.seotrio.com/ankara-yoga/,3,88,3.41%,7.93
https://bahadirbektas.seotrio.com/biz-kimiz/,3,87,3.45%,6.75
https://seotrio.com/ucretsiz-seo-egitimi/,3,65,4.62%,16.62
https://seotrio.com/paravan-blog/,2,1008,0.2%,9.2
https://seotrio.com/da-nedir/,2,616,0.32%,42.07
https://seotrio.com/otorite-skoru-nedir/,2,350,0.57%,59.95
https://seotrio.com/ozellestirilmis-arama-nedir/,2,140,1.43%,6.19
https://seotrio.com/ortalama-konum-nedir/,2,55,3.64%,8.38
https://seotrio.com/hidden-links-nedir/,2,51,3.92%,12.78
https://seotrio.com/seo/,2,50,4%,3.94
https://seotrio.com/drop-off-rate-nedir/,2,46,4.35%,6.83
https://seotrio.com/seo-nedir-3/,2,41,4.88%,8.78
https://bahadirbektas.seotrio.com/en/homepage/,2,32,6.25%,14.09
https://seotrio.com/bulten/,2,23,8.7%,6.22
https://seotrio.com/core-web-vitals/,1,512,0.2%,68.32
https://seotrio.com/seo-fiyatlari/,1,486,0.21%,58.78
https://seotrio.com/robots-txt/,1,468,0.21%,59.06
https://seotrio.com/mobil-seo-nedir/,1,331,0.3%,34.82
https://seotrio.com/ahrefs/,1,308,0.32%,32.11
https://seotrio.com/meta-title/,1,162,0.62%,41.23
https://seotrio.com/ozgun-icerik-nedir/,1,149,0.67%,22.06
https://seotrio.com/fmp-nedir/,1,148,0.68%,9.24
https://seotrio.com/siralama-faktorleri/,1,103,0.97%,25.39
https://halasyasam.seotrio.com/,1,99,1.01%,7.59
https://seotrio.com/heading-etiketi-nedir/,1,74,1.35%,54.49
https://seotrio.com/seo-uyumlu-icerik/,1,32,3.12%,24.38
https://seotrio.com/referring-domain-degeri-nedir/,1,25,4%,19.76
https://seotrio.com/hemen-cikma-orani/,1,24,4.17%,43.33
https://seotrio.com/cift-tiklama-nedir/,1,17,5.88%,10.59
https://seotrio.com/user-intent-nedir/,1,15,6.67%,43.53
https://seotrio.com/pogo-sticking-nedir/,1,12,8.33%,34.58
https://seotrio.com/seo-sozlugu/,1,12,8.33%,35.75
https://seotrio.com/tarama-butcesi/,1,11,9.09%,35
https://seotrio.com/bulten-105/,1,7,14.29%,5.57
https://seotrio.com/citation-flow-nedir/,1,7,14.29%,43
https://seotrio.com/capraz-linkleme-nedir/,1,5,20%,4
https://seotrio.com/lsi-nedir/,1,4,25%,8.25
https://seotrio.com/yandex-metrica-nedir/,1,4,25%,20
https://seotrio.com/html-sitemap-nedir/,1,3,33.33%,8.33
https://seotrio.com/average-visit-duration-nedir/,1,2,50%,1.5
https://seotrio.com/blog/page/3/,1,1,100%,2
https://seotrio.com/anahtar-kelime-bulma/,0,4796,0%,50.95
https://seotrio.com/off-page-seo-nedir/,0,381,0%,81.44
https://seotrio.com/anahtar-kelime/,0,347,0%,73
https://seotrio.com/eat-nedir/,0,308,0%,57.21
https://seotrio.com/iletisim/,0,284,0%,3.14
https://seotrio.com/meta-etiketleri-nedir/,0,274,0%,56.12
https://seotrio.com/yer-nedir/,0,262,0%,1.88
https://seotrio.com/gorunurluk-nedir/,0,240,0%,11.46
https://seotrio.com/seo-uzmani/,0,216,0%,67.34
https://seotrio.com/teslimat-ve-iade-sartlari/,0,212,0%,1.41
https://bahadirbektas.seotrio.com/kambiyo-taahhudu-nedir/,0,198,0%,6.32
https://seotrio.com/local-seo-nedir/,0,193,0%,66.79
https://seotrio.com/mozrank-nedir/,0,184,0%,18.04
https://seotrio.com/cro-nedir/,0,184,0%,55.96
https://seotrio.com/paravan-blog-nedir/,0,168,0%,12.96
https://seotrio.com/backrub-nedir/,0,166,0%,20.85
https://seotrio.com/external-links-nedir/,0,162,0%,65.28
https://seotrio.com/link-bait-nedir/,0,141,0%,30.75
https://seotrio.com/hakkimizda/,0,127,0%,2.98
https://seotrio.com/aso-nedir/,0,123,0%,42.37
https://seotrio.com/lsi-nedir-2/,0,122,0%,25.25
https://seotrio.com/meta-etiketleri/,0,119,0%,53.21
https://seotrio.com/link-nedir/,0,118,0%,57.71
https://seotrio.com/hreflang-etiketi-nedir/,0,118,0%,86.77
https://seotrio.com/yoast/,0,110,0%,17.69
https://seotrio.com/cloaking-nedir/,0,107,0%,15.17
https://seotrio.com/kurumsal-seo-danismanligi/,0,100,0%,46.57
https://seotrio.com/ozel-url-yapilari-nedir/,0,98,0%,6.61
https://seotrio.com/backlink/,0,94,0%,64.99
https://seotrio.com/metrikler-nedir/,0,88,0%,10.08
https://seotrio.com/sem-nedir/,0,80,0%,78.91
https://seotrio.com/bot-nedir/,0,78,0%,54.35
https://seotrio.com/disallow-nedir/,0,76,0%,10.08
https://seotrio.com/paid-search-nedir/,0,70,0%,22.29
https://seotrio.com/featured-snippets-nedir/,0,70,0%,70.93
https://seotrio.com/meta-description/,0,69,0%,35.83
https://seotrio.com/serp-nedir/,0,66,0%,70.64
https://seotrio.com/data-driven-seo-nedir/,0,64,0%,61.8
https://seotrio.com/seo-danismanligi/,0,61,0%,7.56
https://seotrio.com/site-haritasi/,0,56,0%,32.95
https://seotrio.com/ic-seo-nedir/,0,55,0%,25.96
https://seotrio.com/keyword-nedir/,0,55,0%,48.71
https://seotrio.com/birebir-seo-egitimi/,0,54,0%,8.43
https://seotrio.com/erisim-reach-nedir/,0,53,0%,8.72
https://seotrio.com/infinite-scroll-nedir/,0,52,0%,33.4
https://seotrio.com/rankbrain-nedir/,0,46,0%,89.07
https://seotrio.com/seo-gorunurlugu-nedir/,0,45,0%,15.91
https://seotrio.com/arama-sorgusu-nedir/,0,39,0%,14.59
https://seotrio.com/entity-based-seo-nedir/,0,38,0%,25.39
https://seotrio.com/kullanici-dostu-nedir/,0,37,0%,7.76
https://seotrio.com/link-insasi-nedir/,0,37,0%,15.89
https://seotrio.com/error-301-nedir/,0,36,0%,20.64
https://seotrio.com/long-tail-keywords-nedir/,0,36,0%,69.53
https://seotrio.com/dwell-time-nedir/,0,35,0%,15.2
https://seotrio.com/link-farm-nedir/,0,35,0%,42
https://seotrio.com/etki-alani-skoru-nedir/,0,35,0%,44.26
https://seotrio.com/mobil-uyumluluk/,0,35,0%,70.77
https://seotrio.com/navigasyon-nedir/,0,33,0%,20.76
https://seotrio.com/cikis-sayfasi-nedir/,0,30,0%,5.2
https://seotrio.com/musteri-yorumlari-nedir/,0,29,0%,5.24
https://seotrio.com/kullanici-yorumlari-nedir/,0,27,0%,4.52
https://seotrio.com/fid-nedir/,0,25,0%,15.64
https://seotrio.com/css-sprite-nedir/,0,25,0%,46.08
https://seotrio.com/meta-aciklamasi-nedir/,0,25,0%,80.68
https://seotrio.com/gorseller/,0,23,0%,5.39
https://seotrio.com/dahili-baglantilar-nedir/,0,23,0%,9.61
https://seotrio.com/domain-age-nedir/,0,23,0%,26.61
https://seotrio.com/engagement-nedir/,0,23,0%,27.65
https://seotrio.com/organik-arama-sonuclari-nedir/,0,23,0%,39.48
https://seotrio.com/proxy-nedir/,0,22,0%,16.64
https://seotrio.com/error-404-nedir/,0,21,0%,63
https://seotrio.com/da-ve-pa-nedir/,0,20,0%,8.35
https://seotrio.com/icerik-nedir/,0,20,0%,8.6
https://seotrio.com/kullanici-nedir/,0,19,0%,4.58
https://bahadirbektas.seotrio.com/insaat-ve-imar-hukuku-hukuku-avukati/,0,19,0%,5.79
https://seotrio.com/dogal-backlink-nedir/,0,19,0%,14
https://seotrio.com/compound-anchor-text-nedir/,0,19,0%,44.79
https://seotrio.com/paid-traffic-nedir/,0,18,0%,7.5
https://seotrio.com/nap-nedir/,0,18,0%,13.44
https://seotrio.com/client-side-rendering-nedir/,0,18,0%,17.22
https://seotrio.com/ajax-nedir/,0,18,0%,23.78
https://seotrio.com/protokol-nedir/,0,18,0%,50.61
https://seotrio.com/lighthouse-nedir/,0,17,0%,29.88
https://seotrio.com/average-position-nedir/,0,16,0%,6.62
https://seotrio.com/jump-link-nedir/,0,16,0%,7.06
https://seotrio.com/kirik-link-nedir/,0,16,0%,21.69
https://seotrio.com/deep-link-nedir/,0,16,0%,41.12
https://seotrio.com/one-cikan-snippet-nedir/,0,16,0%,70.19
https://halasyasam.seotrio.com/ankara-fizyoterapist/,0,15,0%,9.4
https://seotrio.com/all-in-one-seo/,0,15,0%,15.2
https://seotrio.com/site-hizi/,0,15,0%,59.87
https://seotrio.com/kategori-icerigi-nedir/,0,14,0%,10.86
https://seotrio.com/dofollow-link-nedir/,0,14,0%,39.29
https://seotrio.com/natural-backlink-nedir/,0,14,0%,49.79
https://seotrio.com/etkilesimli-icerik-nedir/,0,13,0%,9.46
https://seotrio.com/session-nedir/,0,13,0%,9.77
https://seotrio.com/above-the-fold-nedir/,0,13,0%,10.85
https://seotrio.com/indeksleme-nedir/,0,13,0%,18
https://seotrio.com/giden-baglanti-nedir/,0,12,0%,5.83
https://seotrio.com/ucretli-trafik-nedir/,0,12,0%,7.33
https://seotrio.com/erisilebilirlik-nedir/,0,12,0%,33
https://seotrio.com/lsi-nedir-3/,0,12,0%,47.67
https://seotrio.com/dynamic-rendering-nedir/,0,11,0%,7.45
https://seotrio.com/coklu-anahtar-kelime-stratejisi-nedir/,0,11,0%,40.18
https://seotrio.com/broken-link-nedir/,0,11,0%,42.09
https://halasyasam.seotrio.com/aci-biber-kilo-verdirir-mi-kapsaisin-ve-kilo-kaybi/,0,10,0%,9.5
https://seotrio.com/dofollow-vs-nofollow/,0,10,0%,57.4
https://seotrio.com/domain-uzantisi-nedir/,0,10,0%,57.4
https://seotrio.com/cookie-nedir/,0,9,0%,29.89
https://seotrio.com/bulten-107/,0,8,0%,8
https://seotrio.com/yonlendirme-zinciri-nedir/,0,8,0%,8.75
https://seotrio.com/exact-match-anchor-text-nedir/,0,8,0%,9.12
https://seotrio.com/keyword-density-nedir/,0,8,0%,16.38
https://seotrio.com/lazy-loading-nedir/,0,8,0%,36.75
https://seotrio.com/directory-submission-nedir/,0,8,0%,57.62
https://seotrio.com/etkilesim-odakli-seo-nedir/,0,7,0%,3.29
https://seotrio.com/image-sitemap-nedir/,0,7,0%,9.29
https://seotrio.com/gri-sapka-seo-nedir/,0,7,0%,9.57
https://seotrio.com/keyword-stuffing-nedir/,0,7,0%,17.14
https://seotrio.com/gzip-sikistirmasi-nedir/,0,7,0%,36.29
https://seotrio.com/exit-rate-nedir/,0,6,0%,4.83
https://seotrio.com/outbound-link-nedir/,0,6,0%,6.67
https://seotrio.com/aranma-hacmi-nedir/,0,6,0%,8.33
https://seotrio.com/bulten-106/,0,6,0%,12.17
https://seotrio.com/duplicate-content-nedir/,0,6,0%,12.17
https://seotrio.com/donusum-hunisi-nedir/,0,6,0%,14
https://seotrio.com/googlebot-nedir/,0,6,0%,25.67
https://seotrio.com/google-search-console/,0,6,0%,34.17
https://seotrio.com/anchor-text-nedir/,0,6,0%,73.83
https://seotrio.com/rich-snippets-nedir/,0,6,0%,78.5
https://seotrio.com/content-nedir/,0,5,0%,7.4
https://seotrio.com/cerceve-nedir/,0,5,0%,8.4
https://seotrio.com/h1-nedir/,0,5,0%,9.2
https://seotrio.com/index-nedir/,0,5,0%,16.4
https://seotrio.com/marka-sorgulari-nedir/,0,4,0%,2.5
https://seotrio.com/indexing-nedir/,0,4,0%,5.25
https://seotrio.com/yonlendirme-dongusu-nedir/,0,4,0%,6.25
https://seotrio.com/coklu-domain-yonetimi-nedir/,0,4,0%,7.75
https://seotrio.com/mesafeli-satis-sozlesmesi/,0,4,0%,8
https://seotrio.com/drip-campaign-nedir/,0,4,0%,8.25
https://seotrio.com/data-schema-nedir/,0,4,0%,10.75
https://seotrio.com/disavow-tool-nedir/,0,4,0%,25
https://seotrio.com/etkilesimli-reklamcilik-nedir/,0,4,0%,38.75
https://seotrio.com/infografik-nedir/,0,4,0%,53.25
https://seotrio.com/evergreen-content-nedir/,0,4,0%,53.75
https://seotrio.com/pagination-etiketleri-nedir/,0,4,0%,60
https://seotrio.com/yeni-kullanici-nedir/,0,3,0%,4.67
https://seotrio.com/path-subfolder-nedir/,0,3,0%,6.67
https://seotrio.com/uygulamalar-nedir/,0,3,0%,7
https://seotrio.com/optimize-edilmis-icerik-nedir/,0,3,0%,7.67
https://seotrio.com/brand-anchor-text-nedir/,0,3,0%,8.33
https://seotrio.com/short-tail-keywords-nedir/,0,3,0%,9.67
https://seotrio.com/cdn-nedir/,0,3,0%,11
https://seotrio.com/seo/arama-motorlari-nasil-calisir,0,3,0%,15
https://seotrio.com/negatif-seo-nedir/,0,3,0%,18.33
https://seotrio.com/backlink-nedir/,0,3,0%,64.33
https://seotrio.com/cerez-politikasi-nedir/,0,3,0%,90
https://seotrio.com/seo-sozlugu/page/2/,0,3,0%,100
https://seotrio.com/bounce-rate-nedir/,0,2,0%,4
https://seotrio.com/impression-nedir/,0,2,0%,5
https://seotrio.com/url-kisaltma-nedir/,0,2,0%,5
https://seotrio.com/cache-nedir/,0,2,0%,5.5
https://seotrio.com/mobil-uyumluluk-nedir/,0,2,0%,5.5
https://seotrio.com/parametreli-url-nedir/,0,2,0%,7
https://seotrio.com/javascript-nedir/,0,2,0%,8.5
https://seotrio.com/h2-nedir/,0,2,0%,10
https://seotrio.com/css-nedir/,0,2,0%,11
https://seotrio.com/elektronik-pazarlama-nedir/,0,2,0%,15
https://seotrio.com/nofollow-baglanti-nedir/,0,2,0%,24
https://seotrio.com/ip-nedir/,0,2,0%,27.5
https://seotrio.com/anchor-text/,0,2,0%,31.5
https://seotrio.com/canonical-nedir/,0,2,0%,32.5
https://seotrio.com/etiket-bulutu-nedir/,0,2,0%,35
https://seotrio.com/amp-nedir/,0,2,0%,44.5
https://seotrio.com/dizin-optimizasyonu-nedir/,0,2,0%,96
https://seotrio.com/hosting-server-nedir/,0,1,0%,3
https://seotrio.com/analitik-nedir/,0,1,0%,4
https://seotrio.com/black-hat-link-insasi/,0,1,0%,4
https://seotrio.com/google-my-business-nedir/,0,1,0%,4
https://seotrio.com/uluslararasi-seo-nedir/,0,1,0%,4
https://seotrio.com/pop-up-nedir/,0,1,0%,6
https://seotrio.com/html-nedir/,0,1,0%,7
https://seotrio.com/robots-txt-nedir/,0,1,0%,7
https://seotrio.com/schema-nedir/,0,1,0%,8
https://seotrio.com/seo/anahtar-kelime-nedir,0,1,0%,8
https://seotrio.com/utm-nedir/,0,1,0%,10
https://seotrio.com/link-juice-nedir/,0,1,0%,13
https://seotrio.com/konuk-yazarlik-nedir/,0,1,0%,15
https://seotrio.com/fcp-nedir/,0,1,0%,17
https://seotrio.com/conversion-rate-nedir/,0,1,0%,18
https://seotrio.com/performans-odakli-reklam-danismanligi/,0,1,0%,24
https://seotrio.com/a-b-testi-nedir/,0,1,0%,26
https://seotrio.com/noindex-etiketi-nedir/,0,1,0%,26
https://seotrio.com/ftp-nedir/,0,1,0%,57
https://seotrio.com/anahtar-kelime-yogunlugu-nedir/,0,1,0%,71
https://seotrio.com/url-nedir/,0,1,0%,97